slug,company_name,url,subcategory,funding_stage,hq_country,primary_market,target_icp,nav_top_items,nav_item_count,nav_architecture,nav_aesthetic,nav_sticky_on_scroll,has_pricing_link,primary_cta_copy,primary_cta_type,hero_layout,hero_h1,hero_h1_word_count,hero_says_word_AI,has_subheadline,subhead_word_count,hero_copy_bucket,hero_imagery_type,hero_has_video_or_animation,hero_cta_copy,hero_cta_contextual,nav_cta_matches_hero_cta,has_logo_panel,logo_count_visible,logo_treatment,logos_clickable_to_case_studies,has_testimonials,testimonial_format,has_named_usage_stat,usage_stat_copy,has_g2_or_review_badges,review_platforms,has_compliance_badges,compliance_list,features_layout,feature_count_on_home,has_interactive_demo,has_code_snippet,has_how_it_works_steps,has_before_after,has_use_case_tabs,has_integrations_grid,mentions_competitor_by_name,explains_with,aesthetic_bucket,uses_gradients,background_style,primary_color_hex,palette_hex,dark_mode_support,type_pairing,headline_font_family,body_font_family,h1_size_bucket,icon_style,image_treatment,has_3d_webgl,animation_tech,has_resources_section,resources_dynamic,resources_types,blog_recent_post_date,has_public_changelog,footer_link_columns,footer_links_match_nav,has_dynamic_footer,has_pre_footer_cta_block,has_newsletter_signup,has_status_page_link,copyright_year,has_faq_section,has_announcement_banner,has_chatbot,chatbot_proactive,lead_capture_style,has_email_in_hero,analytics_stack,has_cookie_consent,js_framework_detected,rendering_mode,agent_can_read_hero,js_heavy_blocks_agent,has_llms_txt,has_robots_txt,blocks_gptbot,structured_data_types,has_pricing_page,pricing_is_open,pricing_model,tier_count,annual_monthly_toggle,has_free_tier,has_free_trial,currency_localized,has_feature_comparison,has_roi_calculator,most_popular_tier_highlighted,credit_card_required_for_trial,slug1_url,slug1_type,slug1_layout,slug1_has_video,slug1_word_count_bucket,slug1_has_named_customer_quote,slug2_url,slug2_type,slug2_layout,slug2_has_video,slug2_word_count_bucket,slug2_has_named_customer_quote,content_surface_type,blog_post_volume_bucket,docs_depth,has_search_on_content,mentions_authors,voice_bucket,jargon_density,uses_word_revolutionary,has_manifesto_or_why_page,has_founder_photo_or_signature,mentions_named_personas,tone_consistency,has_share_to_llm_buttons,cms_detected,hosting_detected,has_cdn_in_headers,cookie_count_on_load,total_external_scripts,lighthouse_perf_bucket,primary_conversion_inferred,total_cta_count_on_home,cta_consistency,social_signin_options,form_field_count_if_form,confidence_overall,missing_data_count,screenshots_captured,most_distinctive_design_choice,most_questionable_design_choice,something_unique_not_seen_elsewhere,one_line_site_summary,surprise_note
reevo-ai,Reevo,https://reevo.ai,sales-enablement,series-c,us,global,pm,"[""See why"", ""PRICING"", ""TOUR"", ""Log in"", ""Get started""]",5,product-led,traditional-bar,,True,Get started,sign-up,1col-centered,ONE PLATFORM. FROM FIRST TOUCH TO CLOSED WON.,8,False,True,4,benefit-first,video,True,PRODUCTS,True,,True,6,grayscale-static,,True,video,,,False,[],True,"[""SOC2"", ""ISO27001""]",cards-grid,12,True,False,True,False,True,False,False,mixed,corporate-clean,False,solid,#000000,"[""#000000"", ""#ffffff"", ""#f3e9ff""]",False,all-serif,Metrify,Haltung,96+,outline,photo,False,unknown,True,,"[""blog""]",,False,4,,,True,False,False,0,False,False,False,,inline-form,False,"[""GA4"", ""Segment"", ""Posthog""]",True,next,spa,False,True,False,True,False,"[""Organization""]",True,True,tier,2,False,False,False,False,True,False,False,,https://reevo.ai/blog/future-revenue-stackless,other,long-scroll,False,1000-3000,,https://reevo.ai/product-tour,product,long-scroll,True,<300,,blog,50+,basic,False,True,authoritative,medium,False,True,False,False,consistent,False,sanity,vercel,True,6,25,unknown,sign-up,8,consistent,[],0,high,18,5,Bold all-caps headline with extreme contrast and massive font hierarchy dominates entire hero section,Pink banner at top feels disconnected from core black/white palette and dilutes cohesion,Sales enablement platform positioning full workflow (Find→Connect→Sell→Manage) as unified OS rather than point solution,"Unified revenue operating system consolidating prospecting, outreach, and pipeline management into single platform.",
lutra-ai,Lutra AI,https://lutra.ai,ops-automation,seed,us,global,ops,"[""Use cases"", ""Integrations"", ""MCP"", ""Pricing"", ""Enterprise""]",5,use-case-led,traditional-bar,,True,Log In,login,1col-centered,What would you like to automate today?,7,False,True,11,benefit-first,video,True,Log In,False,,False,0,none,,True,video,,,False,[],True,"[""SOC2""]",cards-grid,6,True,False,False,False,True,True,False,mixed,corporate-clean,True,gradient,#008f99,"[""#008f99"", ""#b3e931"", ""#ffffff"", ""#1a4f5e""]",False,all-serif,__Plus_Jakarta_Sans_646807,__Inter_f367f3,64-96,filled,product-ui,False,unknown,False,,[],,False,0,,,False,False,False,0,True,False,False,,inline-form,False,"[""GA4""]",False,next,spa,False,True,False,False,False,[],True,True,tier,6,True,True,True,False,True,False,True,,https://lutra.ai/playbooks,book-demo,long-scroll,False,1000-3000,,https://lutra.ai/#home-integrations,other,long-scroll,True,300-1000,,blog,0-10,basic,False,False,corporate,medium,False,False,False,True,consistent,False,webflow,vercel,True,5,59,unknown,self-sign-up,7,mixed,"[""Microsoft""]",0,high,19,5,Inline chat input with app integration icons in hero; lime-green accent on key words draws attention,"Primary CTA is 'Log In' in hero, not conversion-focused for new visitors; 'Start for free' buried in input field",Productivity agent positioning with embedded inline chat interface for task automation directly in hero,AI productivity agent that automates work by connecting enterprise apps via integrations and natural language.,
relay-app,Relay.app,https://relay.app,ops-automation,seed,us,global,unknown,"[""Pricing"", ""Log in"", ""Start for free""]",3,product-led,traditional-bar,,True,Start for free,self-sign-up,1col-centered,The easiest way to automate with AI,7,True,True,18,benefit-first,video,True,,,,False,0,none,,True,tweet-embed,,,True,"[""G2"", ""ProductHunt""]",True,"[""SOC2"", ""CCPA"", ""PCI""]",cards-grid,5,False,False,True,False,True,True,False,mixed,tech-minimal,True,gradient,#4461ff,"[""#4461ff"", ""#e8eaff"", ""#ffffff""]",False,all-serif,Onest,sans-serif,64-96,custom-illustrated,abstract-art,False,unknown,True,,"[""blog""]",,False,0,,,False,False,True,0,True,False,False,,inline-form,False,[],False,webflow,ssr,True,False,False,True,False,[],True,True,tier,6,True,True,True,False,False,False,True,,https://run.relay.app/login?csrc=landing_sign_in,other,long-scroll,False,<300,,https://run.relay.app/signup?csrc=landing_top_nav,other,long-scroll,False,<300,,blog,10-50,basic,False,True,playful,low,False,False,False,True,consistent,False,webflow,vercel,True,0,3,unknown,self-sign-up,0,consistent,"[""SSO""]",0,medium,21,5,Colorful illustrated workflow cards with named user personas below hero showcasing real use cases,Heavy reliance on abstract illustrations may obscure actual product functionality for new visitors,"Named personas with specific workflow examples (Annika, Jacob) directly in hero section creating immediate relatability","AI automation platform converting natural language to visual workflows across 200+ apps with playful, persona-driven design",
artisan-co,Artisan AI,https://artisan.co,sales-enablement,series-a,us,us,ops,"[""Product"", ""Solutions"", ""Resources"", ""Get a demo"", ""Get a demo""]",5,product-led,traditional-bar,,False,Get early access,wait-list,1col-centered,Hire Ava The autonomous AI BDR,6,True,True,26,benefit-first,collage,False,Get early access,True,,False,0,none,,True,video,,,False,[],True,"[""SOC2""]",alternating,4,False,False,True,False,False,False,False,mixed,corporate-clean,True,gradient,#4c12a1,"[""#4c12a1"", ""#b19cd9"", ""#ffffff""]",False,unknown,intrinseca,ui-sans-serif,64-96,outline,product-ui,False,unknown,True,,[],,False,0,,,True,False,False,0,False,False,False,,wait-list,False,[],True,next,spa,False,True,True,True,False,[],True,True,usage-based,1,True,True,True,False,True,False,True,,,other,long-scroll,,unknown,,,other,long-scroll,,unknown,,blog,50+,basic,False,True,authoritative,medium,False,False,False,True,consistent,False,custom,vercel,True,0,25,unknown,wait-list,26,consistent,[],0,medium,27,5,Purple gradient background with AI agent avatar (Ava) as centerpiece in product demo section,Product UI screenshot as main hero visual may obscure key value prop for new visitors unfamiliar with BDR workflows,Named AI agent personality (Ava) with human avatar driving the narrative; autonomous workflow positioning vs. traditional tool messaging,"AI-powered autonomous BDR platform that automates lead generation, outreach, and meeting booking at enterprise scale.",Highly personified AI agent approach unusual for B2B enterprise—blurs line between tool and team member positioning
fibr-ai,Fibr AI,https://fibr.ai,marketing-ops,seed,us,global,pm,"[""Fibr AI launches Agentic Personalization for Ads & LLM Visitors \n\nRead More"", ""Pricing"", ""Get a Demo""]",3,product-led,traditional-bar,,True,Get a Demo,book-demo,1col-centered,"Adaptive AI Web Experiences, crafted for each consumer’s story",9,True,True,17,benefit-first,video,True,Get a Demo,True,,False,0,none,,True,tweet-embed,,,False,[],True,"[""SOC2"", ""GDPR"", ""ISO27001"", ""CCPA"", ""PCI""]",cards-grid,3,True,False,False,False,False,False,False,mixed,corporate-clean,False,patterned,#ff6633,"[""#ff6633"", ""#1a3a36"", ""#ffffff"", ""#000000""]",False,all-serif,Inter Display,sans-serif,40-64,custom-illustrated,product-ui,False,unknown,False,,[],,False,0,,,False,False,False,0,True,False,False,,book-demo-only,False,"[""GA4""]",False,webflow,spa,False,True,True,True,False,[],True,True,tier,2,False,True,False,False,False,False,False,,https://fibr.ai/./agentic-web-personalization-ads-llm,other,long-scroll,True,1000-3000,,,other,long-scroll,,unknown,,blog,0-10,basic,False,True,corporate,high,False,False,False,False,consistent,False,webflow,unknown,False,9,23,unknown,book-demo,1,consistent,[],0,medium,23,5,Agentic execution framework with human oversight positioning and dark teal accent color.,"Heavy jargon density ('agentic', 'intent sensing', 'reshaping') may obscure value prop for non-technical personas.",Explicit emphasis on 'agentic execution with human-in-the-loop' as a trust differentiator for AI personalization.,Fibr AI offers adaptive web experiences powered by AI agents that personalize URLs in real-time for each visitor.,Deterministic hints indicate primary_color_hex as #0000ee (blue) but hero screenshot shows orange (#ff6633) as dominant brand accent. Used screenshot value per deferral rules.
getkoala-com,Koala,https://getkoala.com,sales-enablement,series-a,us,us,pm,"[""Customers"", ""Blog"", ""Docs"", ""Pricing"", ""Log in"", ""Get Started""]",6,product-led,traditional-bar,,True,Get Started,sign-up,1col-centered,Scale your winning sales plays,5,False,True,24,benefit-first,video,True,Login,True,,False,2,none,,True,video,,,True,"[""G2""]",True,"[""SOC2""]",cards-grid,6,True,False,True,False,True,True,False,mixed,corporate-clean,True,gradient,#ff6b35,"[""#5051f0"", ""#ff6b35"", ""#ffffff""]",False,all-serif,Satoshi,Satoshi,40-64,custom-illustrated,product-ui,False,unknown,True,,"[""blog"", ""ebooks"", ""webinar""]",,False,0,,,True,False,True,2026,False,False,False,,inline-form,False,"[""GA4""]",False,next,ssr,True,False,False,True,False,[],True,True,usage-based,0,True,True,False,False,False,True,False,,https://getkoala.com/customers,customers,long-scroll,False,300-1000,,https://getkoala.com/blog,other,long-scroll,True,<300,,blog,0-10,basic,False,True,corporate,medium,False,False,False,True,consistent,False,sanity,cloudflare,True,4,23,unknown,self-sign-up,3,consistent,[],0,high,17,5,Bold purple gradient hero with energetic orange accent CTAs and lightning bolt emoji,Prominent acquisition/shutdown banner at top may deter engagement given company wind-down,Agentic AI positioning for sales rep enablement with emphasis on signal prioritization vs. automation,AI-powered sales enablement platform helping reps prioritize leads and maintain engagement through contact lifecycle.,Site remains active despite Sept 30 acquisition/shutdown notice—tension between growth messaging and discontinuation
coframe-ai,Coframe,https://coframe.ai,marketing-ops,seed,us,global,marketer,"[""Copy Optimization\nWords that convert"", ""Segmentation and Personalization\nOptimize for every audience"", ""UI Code Generation\nSupercharge your UI"", ""Blog\nBehind the optimization"", ""Docs\nYour toolkit for growth"", ""Careers"", ""Contact""]",7,use-case-led,traditional-bar,,False,Get a demo,book-demo,2col,"Coframe creates and tests variations of your website, improving 24/7.",10,False,True,8,benefit-first,collage,False,,,,True,39,grayscale-static,,True,video,,,True,"[""ProductHunt""]",True,"[""SOC2""]",none,0,True,False,False,True,False,False,False,product-ui,corporate-clean,False,solid,#0000ee,"[""#2a2451"", ""#ffffff"", ""#4caf50"", ""#0000ee""]",True,all-serif,NB International Pro,NB International Pro,40-64,none,product-ui,False,unknown,True,,"[""blog""]",,False,0,,,False,False,False,0,False,False,False,,book-demo-only,False,"[""GA4"", ""Segment"", ""Amplitude""]",False,webflow,spa,False,True,True,True,False,[],True,True,usage-based,1,False,False,False,False,False,True,False,,https://app.coframe.com/start,other,long-scroll,False,<300,,https://coframe.ai/post/segmentation-personalization,other,long-scroll,False,300-1000,,blog,0-10,basic,False,True,authoritative,medium,False,False,False,False,consistent,True,webflow,cloudflare,True,0,19,unknown,book-demo,0,consistent,[],0,medium,20,5,Dark navy background with contrasting white card showing live product metrics and variation testing interface,Hero CTA uses placeholder input field design which may confuse conversion intent,Live metrics dashboard displayed as primary hero visual demonstrating real-time optimization results,AI-powered website optimization platform that continuously creates and tests variations to improve conversions.,
www-alex-com,Alex,https://www.alex.com/,ops-automation,series-a,us,global,ops,"[""AI InterviewsConduct interviews on autopilot"", ""CoordinatorAutomate scheduling and handoffs"", ""VerifyPrevent fraud and cheating"", ""Talent MatchRediscover your ATS talent"", ""Resume ScreensMove faster with intelligent resume analysis"", ""VideoScale the most valuable step in your interview"", ""PhoneLet Alex call thousands of candidates instantly"", ""SMSEngage candidates with intelligent text conversations"", ""WhatsAppConduct seamless interviews with your global candidates"", ""Featured storyA Conversation About People, Culture & AI in Franchisee Selection""]",10,product-led,traditional-bar,,False,Request a demo,book-demo,1col-centered,Your AI Recruiter to,4,True,True,13,benefit-first,video,True,Request a demo,True,,False,1,none,,True,video,,,True,"[""G2""]",False,[],none,0,False,False,False,False,False,False,False,video,corporate-clean,False,solid,#082900,"[""#082900"", ""#ffffff"", ""#000000""]",False,all-serif,DM Sans,DM Sans,<40px,none,raw-screenshot,False,gsap,True,,"[""blog"", ""case-studies""]",,False,0,,,False,False,False,2026,True,False,False,,book-demo-only,False,"[""GA4""]",False,webflow,ssr,True,False,True,True,True,[],True,True,usage-based,0,False,False,False,False,False,False,False,,https://www.alex.com/product/ai-interviews,product,long-scroll,False,300-1000,,https://www.alex.com/product/coordinator,product,long-scroll,False,300-1000,,blog,50+,basic,True,True,authoritative,low,False,False,False,False,consistent,False,webflow,cloudflare,True,5,42,unknown,book-demo,0,consistent,[],0,high,18,5,Minimalist typographic hero with forest-green brand color; dark header banner with funding announcement,No visible feature cards or product benefits below hero; relies entirely on CTA to drive engagement,"Hero emphasizes recruiting outcomes (interview everyone, hire best) paired with human-connection messaging rather than AI capability showcase","AI recruiter platform automating screening, interviews and candidate engagement across multiple channels for hiring teams.",
www-withlexi-com,Lexi,https://www.withlexi.com/,ops-automation,seed,us,us,unknown,"[""SOLUTION"", ""CASE STUDY"", ""ABOUT US"", ""MEDIA"", ""BOOK A DEMO""]",5,audience-led,traditional-bar,,False,CONTACT US,contact-sales,asymmetric,Care in ‍any language,4,False,True,21,benefit-first,collage,False,CONTACT US,True,,True,45,grayscale-static,,True,video,,,False,[],True,"[""SOC2"", ""HIPAA""]",none,0,False,False,False,False,False,False,False,photo,corporate-clean,True,gradient,#3420b8,"[""#3420b8"", ""#5dbe9a"", ""#ffffff""]",False,all-serif,Fraunces Variablefont Soft Wonk Opsz Wght,Arial,64-96,none,photo,False,gsap,False,,[],,False,0,,,False,False,True,0,False,False,False,,book-demo-only,False,[],False,webflow,spa,False,True,False,True,False,"[""SoftwareApplication""]",False,False,talk-to-us,0,False,False,False,False,False,False,False,,,other,long-scroll,,unknown,,,other,long-scroll,,unknown,,blog,0-10,basic,False,False,corporate,medium,False,False,False,False,consistent,False,webflow,cloudflare,True,1,11,unknown,contact-sales,0,consistent,[],0,medium,25,4,Multilingual greeting phrases integrated into hero photography layout showing diverse patient faces,H1 text split across two lines with inconsistent color treatment (blue/green) reducing clarity,Healthcare AI positioning centered on multilingual patient care with anthropomorphic conversation bubbles in hero,Enterprise healthcare AI interpreter enabling multilingual patient conversations across the care journey.,Prominent $1.4M pre-seed funding banner top-of-page unusual for B2B SaaS homepage real estate
distyl-ai,Distyl AI,https://distyl.ai,ops-automation,series-b,us,global,exec,"[""ABOUT"", ""CASE STUDIES"", ""PLATFORM"", ""RESEARCH"", ""BLOG"", ""CAREERS""]",6,audience-led,traditional-bar,,False,,unknown,2col,Rearchitecting Entire Industries For Frontier Technologies,6,False,True,25,visionary,collage,False,,,,True,29,grayscale-static,,True,tweet-embed,,,False,[],True,"[""GDPR"", ""CCPA""]",none,0,False,False,False,False,False,True,False,text-only,tech-minimal,True,gradient,#ffffff,"[""#2a2845"", ""#ffffff"", ""#4a5bff""]",False,all-serif,AlliancePlatt,Inter,64-96,none,abstract-art,True,gsap,True,,"[""case-studies"", ""blog"", ""research""]",,False,1,,,False,False,False,2026,False,False,False,,none,False,"[""GA4""]",False,wordpress,spa,False,True,False,True,False,[],False,False,talk-to-us,0,False,False,False,False,False,False,False,,https://distyl.ai/distiller/,other,long-scroll,False,300-1000,,https://distyl.ai/case-studies/,customers,long-scroll,False,<300,,blog,0-10,basic,False,True,authoritative,high,False,False,False,False,consistent,False,wordpress,unknown,False,3,17,unknown,contact-sales,3,scattered,[],0,medium,22,4,Deep navy gradient background with abstract data visualization and white sans-serif typography creating premium tech aesthetic,"Prominent cookie consent modal overlays hero content, partially obscuring key messaging and reducing hero impact",Positioning around 'Rearchitecting Industries' for frontier tech with explicit focus on human agency + AI integration,Enterprise AI operations platform helping institutions rearchitect systems for frontier technologies while preserving human agency,No visible primary CTA button in hero; relies on brand recognition and institutional credibility via investor/partner logos
ragas-io,Ragas,https://ragas.io,dev-tools,seed,us,global,developer,"[""Docs"", ""Blog"", ""Github"", ""Community"", ""Careers\n3"", ""Contact Us""]",6,product-led,floating-pill,,False,Contact Us,contact-sales,asymmetric,ragas,1,False,True,6,feature-list,typography-only,False,talk to founders,True,,False,0,none,,True,tweet-embed,,,False,[],True,"[""PCI""]",list,3,False,False,False,False,False,False,False,code,terminal-hacker,False,patterned,#d4a135,"[""#d4a135"", ""#ffffff"", ""#000000"", ""#4a4a4a""]",False,unknown,__Tenor_Sans_d4b61f,Satoshi-Variable,96+,custom-illustrated,abstract-art,False,unknown,True,,"[""blog"", ""case-studies""]",,False,0,,,False,False,True,0,True,False,False,,none,False,[],False,next,ssr,True,False,False,False,False,[],False,False,talk-to-us,0,False,False,False,False,False,False,False,,https://docs.ragas.io/,other,long-scroll,False,300-1000,,https://blog.ragas.io/,other,long-scroll,False,<300,,blog,0-10,basic,False,False,founder-voice,high,False,False,False,False,consistent,False,custom,vercel,True,0,9,unknown,contact-sales,13,consistent,[],0,medium,21,4,Geometric network diagram overlay with gold connecting lines creating visual hierarchy for LLM architecture concepts,High jargon density without explanation may alienate non-ML developers; terminal-style hero layout risks appearing niche,Network topology visualization as decorative hero element communicating LLM application complexity without explanation,Ragas is an LLM evaluation framework targeting developers with automated metrics and synthetic data generation for production apps.,
orbitshift-ai,OrbitShift,https://orbitshift.ai/,sales-enablement,seed,india,global,exec,"[""Customers"", ""Resources"", ""Pricing""]",3,audience-led,traditional-bar,,True,Request a Demo,book-demo,1col-centered,System of works for account based sales teams,8,False,True,20,benefit-first,collage,False,Products,True,,True,32,grayscale-static,,True,video,,,True,"[""Gartner""]",True,"[""SOC2"", ""GDPR"", ""ISO27001""]",none,0,False,False,False,False,False,False,False,mixed,corporate-clean,True,gradient,#7c3aed,"[""#7c3aed"", ""#ffffff"", ""#1a1a1a"", ""#ffa500""]",False,sans-sans,Funnel Display,Inter,40-64,custom-illustrated,abstract-art,False,unknown,True,,"[""blog"", ""webinar"", ""report""]",,False,0,,,True,False,False,0,False,False,False,,book-demo-only,False,[],False,next,ssr,True,False,False,True,False,[],True,True,tier,4,True,True,True,False,False,False,False,,https://orbitshift.ai/customers,customers,long-scroll,False,300-1000,,https://orbitshift.ai/resources,other,long-scroll,False,300-1000,,blog,0-10,basic,False,True,corporate,medium,False,False,False,False,consistent,False,sanity,aws,True,0,15,unknown,book-demo,19,consistent,[],0,high,19,5,"Purple gradient hero with curved abstract shapes creating premium, tech-forward aesthetic while maintaining clarity",Privacy popup overlay obscures critical content and customer logos during initial view,Multi-agent orchestration positioning combined with 'revenue agents' language differentiates from traditional sales-enablement narrative,Enterprise sales platform positioning AI-driven account orchestration for ABM teams with consistent demo-first conversion model.,
superagi-com,SuperAGI,https://superagi.com,agent-platforms,series-a,us,global,developer,"[""I Assistant"", ""Add Apps""]",2,product-led,minimal,,False,Sign up for free,sign-up,1col-centered,Get Work done with SuperAGI,5,False,True,10,benefit-first,collage,False,Sign up for free,True,,False,0,none,,True,anonymous-quote,,,False,[],False,[],cards-grid,8,True,False,False,False,False,False,False,text-only,tech-minimal,False,solid,#131315,"[""#131315"", ""#ffffff"", ""#f5f5f5""]",False,all-serif,Proxima Nova,ui-sans-serif,<40px,custom-illustrated,none,False,unknown,False,,[],,False,0,,,False,False,False,2026,False,False,True,,inline-form,False,"[""GA4""]",False,custom-react,ssr,True,False,True,True,False,[],True,False,usage-based,1,False,True,True,True,False,True,True,,https://superagi.com/,other,long-scroll,False,300-1000,,https://superagi.com/market,other,long-scroll,False,300-1000,,none,unknown,none,,,corporate,medium,False,False,False,False,consistent,False,unknown,aws,True,11,17,unknown,self-sign-up,45,consistent,[],0,medium,24,5,Conversational AI input field as primary hero CTA with non-human expert chatbot option,Hybrid human/AI expert messaging might confuse enterprise buyers about support model,Dual expert system offering (human + AI agent) for customer engagement and demos,Platform for deploying 50+ AI-native apps and agents with a freemium conversational onboarding model,Non-Human AI SuperAGI Expert positioned as legitimate alternative to human expert calls
kombai-com,Kombai,https://kombai.com,design-tooling,seed,india,global,developer,"[""Features"", ""Pricing"", ""Docs"", ""Changelog"", ""Support""]",5,product-led,traditional-bar,,True,Get Started,sign-up,1col-centered,The AI Agent Built for Frontend,6,True,True,27,benefit-first,collage,False,Sign In,True,,False,0,none,,True,video,,,True,"[""ProductHunt""]",True,"[""SOC2""]",cards-grid,3,False,False,False,False,False,True,False,mixed,tech-minimal,False,solid,#48de94,"[""#48de94"", ""#ffffff"", ""#000000"", ""#3a3a3a""]",False,sans-sans,Manrope,Manrope,64-96,custom-illustrated,abstract-art,False,unknown,True,,"[""blog"", ""docs""]",,True,2,,,False,False,True,0,False,False,False,,book-demo-only,False,"[""GA4"", ""HubSpot"", ""Posthog""]",False,next,ssr,True,False,True,True,False,"[""Organization"", ""SoftwareApplication"", ""WebSite""]",True,True,tier,6,True,True,False,False,False,False,False,,https://kombai.com/features/,features,long-scroll,True,300-1000,,https://docs.kombai.com/,other,long-scroll,False,300-1000,,blog,10-50,basic,False,True,authoritative,medium,False,False,False,False,consistent,False,sanity,vercel,True,7,40,unknown,self-sign-up,9,consistent,[],0,high,17,5,Neon mint green accent on pure black with minimal typography hierarchy creates bold tech-forward aesthetic,Three feature cards below hero lack visual differentiation or interaction hints; unclear if scrollable or static,AI-first frontend tooling positioned explicitly for browser-based development with 400+ framework support callout,"AI agent for frontend developers combining specialized skills, deep browser access, and repository understanding.",
www-latentforce-ai,LatentForce,https://www.latentforce.ai/,coding-agents,seed,india,global,developer,"[""BLOG"", ""TRY NOW"", ""Blog"", ""Try Now""]",4,product-led,traditional-bar,,False,GET EARLY ACCESS,contact-sales,1col-centered,Make Your Codebase Agent-Ready.,4,False,True,17,benefit-first,big-image,False,Standard,True,,True,24,grayscale-static,,False,none,,,False,[],False,[],cards-grid,3,False,False,True,False,False,False,False,text-only,tech-minimal,False,solid,#ff6b35,"[""#ff6b35"", ""#ffffff"", ""#1a1a1a"", ""#666666""]",False,all-serif,Fraunces,-apple-system,96+,none,none,False,unknown,True,,"[""blog""]",,False,0,,,False,False,False,2026,False,False,False,,book-demo-only,False,[],False,unknown,spa,False,True,True,True,False,[],True,True,usage-based,0,False,False,False,False,False,False,False,,https://blogs.latentforce.ai,other,long-scroll,False,<300,,https://try.latentforce.ai/,other,long-scroll,False,<300,,blog,0-10,basic,False,True,authoritative,medium,False,False,False,False,consistent,False,unknown,unknown,False,0,1,unknown,contact-sales,23,consistent,[],0,medium,24,5,"Monochrome dark background with large serif italic headline, bold orange accent color for key words and CTAs creating stark contrast.",No hero image or visual demo; purely text-based value prop may not immediately communicate product functionality to first-time visitors.,Context Graph framing for AI agents; positioned as infrastructure layer enabling agents to understand codebases before modification.,LatentForce enables AI coding agents to understand and modify codebases safely via a persistent context layer.,
inferless-com,Inferless,https://inferless.com,data-infra,seed,india,global,developer,"[""Pricing"", ""Product"", ""Documentation"", ""Blog"", ""Link Five"", ""Link Six"", ""Link Seven"", ""Sign in""]",8,product-led,traditional-bar,,True,Deploy now,start-free-trial,2col,,0,,True,11,benefit-first,collage,False,Deploy now,True,,True,17,grayscale-static,,True,tweet-embed,,,False,[],False,[],list,4,False,False,False,False,False,False,False,isometric,tech-minimal,False,solid,#c6ff00,"[""#00480b"", ""#c6ff00"", ""#ffffff""]",False,all-serif,Karelia,Maisonneue book,64-96,custom-illustrated,isometric,False,gsap,True,,"[""blog"", ""documentation""]",,False,0,,,False,False,False,0,False,False,False,,book-demo-only,False,"[""GA4"", ""Posthog""]",False,webflow,unknown,False,False,False,True,False,"[""BreadcrumbList"", ""Organization""]",True,True,tier,6,False,True,True,False,True,False,True,,https://inferless.com/serverless-gpu,other,long-scroll,False,300-1000,,http://docs.inferless.com/,other,long-scroll,False,<300,,blog,10-50,basic,False,True,corporate,high,False,False,False,False,consistent,False,webflow,cloudflare,True,1,18,unknown,self-sign-up,13,consistent,[],0,medium,21,5,Lime-green accent on deep forest green creates striking contrast; isometric 3D infrastructure diagram communicates complexity simply,"Heavy jargon ('serverless GPUs', 'ML models') may alienate non-technical buyers; award badges above fold compete with hero message",Isometric infrastructure visualization with animated connection nodes suggests real-time deployment flow without animation,Serverless GPU infrastructure platform for ML model deployment with effortless scaling,
frugal-co,Frugal AI,https://frugal.co,ops-automation,seed,india,global,developer,"[""Product"", ""About Us"", ""Blog"", ""Contact"", ""contact us""]",5,product-led,traditional-bar,,False,Book Demo,book-demo,asymmetric,See how Frugal works,4,False,True,12,benefit-first,collage,False,Book Demo,True,,False,0,none,,False,none,,,False,[],True,"[""SOC2""]",none,0,True,False,False,False,False,False,False,mixed,tech-minimal,True,gradient,#2d62ff,"[""#2d62ff"", ""#00c853"", ""#008b4f"", ""#0097a7"", ""#ffffff"", ""#000000""]",False,all-serif,Aeonik,system-ui,<40px,custom-illustrated,hand-drawn,False,unknown,True,,"[""blog""]",,False,0,,,True,False,True,0,True,False,False,,book-demo-only,False,"[""GA4"", ""Clarity"", ""HubSpot""]",False,webflow,ssr,True,False,False,True,False,"[""WebPage""]",True,True,usage-based,0,False,False,False,False,False,False,False,,https://frugal.co/product,product,long-scroll,False,300-1000,,https://frugal.co/about,about,long-scroll,False,<300,,blog,10-50,basic,False,True,corporate,medium,False,False,False,False,consistent,False,webflow,cloudflare,True,10,25,unknown,book-demo,1,consistent,[],0,high,18,5,Hand-drawn robot illustration with green accent color theme; brand personality through custom iconography placed around hero,Dual primary CTAs (Book Demo + Explore Sandbox) may split user intent; unclear which conversion is prioritized,Illustrated robot hand holding cloud visual as metaphor for cloud cost optimization; playful yet technical aesthetic,AI-powered cloud cost optimization tool targeting developers with benefit-first messaging and dual conversion paths.,
repello-ai,Repello AI,https://repello.ai,security,seed,india,global,unknown,"[""Repello has been named in Gartner GenAI TRISM report  \u2192"", ""Blogs"", ""Resources"", ""Partner"", ""Get a demo""]",5,product-led,traditional-bar,,False,Get a demo,book-demo,1col-centered,Secure your AI. Outsmart attackers.,5,True,True,11,benefit-first,collage,False,Get a demo,True,,False,0,none,,True,video,,,True,"[""Gartner""]",True,"[""SOC2"", ""ISO27001"", ""CCPA""]",none,0,False,False,False,False,False,False,False,text-only,tech-minimal,True,gradient,#0000ee,"[""#0000ee"", ""#ffffff"", ""#1a1a1a""]",False,all-serif,Manrope,sans-serif,40-64,none,abstract-art,False,unknown,True,,"[""blog""]",,False,0,,,False,False,False,0,True,False,False,,book-demo-only,False,"[""GA4"", ""Segment"", ""Clarity"", ""Posthog""]",False,framer,ssr,True,False,False,True,False,[],False,False,talk-to-us,0,False,False,False,False,False,False,False,,https://repello.ai/./blog/standardizing-trust-repello-ai-named-in-gartner’s-emerging-tech-report-for-agentic-ai-security,solutions-by-industry,long-scroll,False,300-1000,,https://repello.ai/./blog,other,long-scroll,False,1000-3000,,blog,50+,basic,False,True,authoritative,high,False,False,False,True,consistent,False,framer,unknown,False,5,18,unknown,book-demo,1,consistent,[],0,medium,20,4,Dark gradient background with minimal floating threat labels emphasizing security urgency,Hero lacks visual product imagery or differentiating demo content to validate claims,"Threat labels floating in background (Data Poisoning, Privacy Violations, Data ex-filtration) as contextual threat indicators",Enterprise AI security platform protecting agentic workflows via threat detection and proactive defense.,
www-ema-ai,Ema,https://www.ema.ai/,agent-platforms,series-a,us,us,exec,[],0,product-led,traditional-bar,,False,Hire Ema,book-demo,2col,One employee Infinite roles,4,False,True,40,benefit-first,collage,False,Hire Ema,True,,True,45,grayscale-static,,False,none,,,False,[],True,"[""SOC2"", ""GDPR"", ""PCI""]",cards-grid,8,False,False,False,False,True,True,False,product-ui,corporate-clean,False,solid,#1f8844,"[""#1f8844"", ""#000000"", ""#ffffff"", ""#f5f5f5""]",False,unknown,satoshi,gtSuperDisplay,40-64,custom-illustrated,product-ui,False,unknown,True,,"[""blog"", ""case-studies""]",,False,0,,,False,False,False,0,True,True,False,,book-demo-only,False,"[""HubSpot""]",True,next,spa,False,True,False,True,True,[],False,False,talk-to-us,0,False,False,False,False,False,False,False,,,other,long-scroll,,unknown,,,other,long-scroll,,unknown,,blog,50+,basic,True,True,corporate,medium,False,False,False,True,consistent,False,custom,vercel,True,1,28,unknown,book-demo,12,consistent,[],0,medium,27,4,Product UI mockup integrated into hero showing agent interaction flow with customer support context,"Cookie notice overlays hero CTA buttons, reducing immediate conversion accessibility","Positioning single AI employee across infinite role archetypes (Clinician, Recruiter, Sales, Finance) rather than one-size-fits-all agent",Enterprise AI employee platform that adapts across business functions to automate specialized knowledge work.,
relevanceai-com,Relevance AI,https://relevanceai.com,agent-platforms,series-a,other,global,pm,"[""Pricing"", ""Sign in"", ""Contact sales""]",3,product-led,traditional-bar,,True,Talk to sales,contact-sales,asymmetric,"Scale GTM results, without scaling headcount",6,False,True,17,benefit-first,video,True,Product,True,,False,0,none,,True,video,,,False,[],True,"[""SOC2"", ""GDPR""]",alternating,4,True,False,True,False,True,True,False,product-ui,corporate-clean,True,solid,#5b5bff,"[""#5b5bff"", ""#0d162f"", ""#ffffff"", ""#e8e8f0""]",False,all-serif,Sora,Inter,64-96,custom-illustrated,product-ui,False,unknown,True,,"[""blog"", ""case-studies"", ""webinar""]",,True,0,,,True,False,False,0,False,True,False,,inline-form,False,"[""GA4"", ""HubSpot"", ""Posthog""]",True,astro,spa,False,True,False,True,False,[],True,True,tier,4,True,True,False,False,True,False,False,,,other,long-scroll,,unknown,,,other,long-scroll,,unknown,,blog,50+,basic,False,True,corporate,medium,False,False,False,True,consistent,False,webflow,vercel,True,5,22,unknown,contact-sales,8,consistent,"[""SSO""]",0,medium,23,5,"Split hero with live product UI showing AI task automation workflow on right side, creating immediate product context",Primary CTA 'Talk to sales' dominates but secondary 'Try for free' is less prominent despite free trial being lower friction,Live persona-driven workflow visualization (Sarah Chen Account Executive example) embedded in hero showing actual AI-assisted GTM tasks in real-time,"AI workforce platform for GTM teams to automate sales processes without scaling headcount, positioned as Copilot-to-Autopilot evolution.","Explicitly names Claude as underlying model capability in below-fold messaging, unusual level of transparency about AI foundation"
sybill-ai,Sybill,https://sybill.ai,sales-enablement,series-a,us,us,pm,"[""OverviewWhat is an AI sales assistant?"", ""Sybill\u2019s AIAI at every stage of the deal."", ""IntegrationsEmail, Slack, CRM, and more."", ""All features"", ""INTELLIGENCEAsk Sybill AI sales assistant anythingAnd stop digging through trans"", ""Deal inspectionQualify leads, track progress, spot risks early"", ""Coaching & performanceCoach yourself, coach reps, diagnose performance"", ""Buyer needs & intentUncover needs, blockers, and priorities across segments"", ""Competitor intelligenceTrack when, where, and how competitors show up"", ""Sales playsGet deal guidance from past wins and losses""]",10,product-led,traditional-bar,,False,Book a demo,book-demo,2col,Stop losing deals your best rep would have closed,9,False,True,28,benefit-first,collage,False,Book a demo,True,,True,15,grayscale-static,,True,video,,,False,[],True,"[""SOC2"", ""GDPR"", ""ISO27001"", ""PCI""]",none,0,False,False,False,False,False,False,False,product-ui,corporate-clean,False,solid,#414651,"[""#1e5ecf"", ""#ffffff"", ""#000000"", ""#f4a460"", ""#a0522d"", ""#9370db""]",False,all-serif,Ppfragment,Inter,40-64,custom-illustrated,abstract-art,False,unknown,False,,[],,False,0,,,False,False,False,0,True,True,False,,book-demo-only,False,"[""GA4"", ""HubSpot"", ""Amplitude""]",True,webflow,ssr,True,False,True,True,True,[],True,True,tier,6,True,True,True,False,True,False,True,,https://www.sybill.ai/meetings/magic-summary-old?,other,long-scroll,False,1000-3000,,https://www.sybill.ai/integrations?,other,long-scroll,False,300-1000,,blog,0-10,basic,True,True,corporate,high,False,False,False,True,consistent,False,webflow,cloudflare,True,24,39,unknown,book-demo,0,consistent,"[""Google""]",0,high,19,5,Colorful network diagram with buyer personas as nodes showing deal relationships and competitive context,"Heavy jargon density (deal slippage, buyer intent) may obscure value proposition for non-sales-ops buyers","Visual deal-context map showing how competitors, buyers, and deal stages interconnect as a knowledge graph",AI sales assistant that learns winning playbooks and helps reps execute deals like your best performer,
peec-ai,Peec AI,https://peec.ai,marketing-ops,series-a,eu,global,marketer,"[""Pricing"", ""Partnerships"", ""MCP"", ""Careers"", ""Log in"", ""Sign up""]",6,product-led,traditional-bar,,True,Start Free Trial,start-free-trial,1col-centered,AI search analytics for marketing teams,6,True,True,18,benefit-first,collage,False,Sign up,False,,False,0,none,,True,tweet-embed,,,False,[],True,"[""HIPAA"", ""GDPR""]",none,0,True,False,False,False,False,False,True,product-ui,corporate-clean,False,solid,#0000ee,"[""#0000ee"", ""#000000"", ""#ffffff""]",False,all-serif,Geist Variable,sans-serif,64-96,outline,product-ui,False,unknown,True,,"[""blog""]",,True,0,,,False,False,False,0,True,True,False,,inline-form,False,"[""HubSpot"", ""Posthog""]",True,framer,ssr,True,False,False,True,False,[],True,True,tier,5,True,True,True,True,False,False,False,,https://peec.ai/./partnerships,other,long-scroll,False,300-1000,,https://peec.ai/./mcp,other,long-scroll,False,300-1000,,blog,10-50,basic,False,True,corporate,medium,False,False,False,False,consistent,False,framer,unknown,False,4,17,unknown,start-free-trial,7,consistent,[],0,medium,20,5,Dual CTA strategy with 'Talk to Sales' and 'Start Free Trial' prominently positioned below hero copy,"Heavy feature metrics (Visibility, Position, Sentiment) introduced in subheadline may overwhelm first-time visitors unfamiliar with search analytics","Embedded competitive dashboard comparison (HubSpot, Salesforce, Pipedrive) directly in hero area showing real-time AI visibility metrics across competitors",AI search analytics platform enabling marketing teams to track and improve brand performance across AI search engines.,
kapa-ai,Kapa.ai,https://kapa.ai,dev-tools,seed,us,global,developer,"[""Customers"", ""Resources"", ""Pricing"", ""Sign In"", ""Book a demo"", ""Try for free""]",6,product-led,traditional-bar,,True,Try for free,start-free-trial,1col-centered,The answers are in your docs.Nobody can find them.,9,False,True,30,benefit-first,video,True,Try for free,True,,False,0,none,,True,video,,,False,[],True,"[""SOC2"", ""GDPR"", ""CCPA""]",none,0,True,False,True,False,True,False,False,mixed,tech-minimal,False,solid,#0000ee,"[""#0000ee"", ""#ffffff"", ""#1a1a1a""]",False,all-serif,Darker Grotesque,sans-serif,64-96,custom-illustrated,product-ui,False,unknown,True,,"[""blog"", ""case-studies""]",,False,0,,,True,False,False,0,True,False,False,,inline-form,False,"[""GA4"", ""Posthog""]",True,framer,spa,False,True,False,True,False,[],True,False,usage-based,0,False,True,False,False,False,False,False,,https://kapa.ai/./customer-stories,customers,long-scroll,False,<300,,https://kapa.ai/./blog,other,long-scroll,False,300-1000,,blog,0-10,basic,False,True,authoritative,medium,False,False,True,False,consistent,False,framer,unknown,False,4,17,unknown,free-trial,0,consistent,"[""SSO""]",0,high,19,5,Dark minimal hero with bold typography and live product demo mockup embedded below,Problem-first headline may overshadow the solution value prop clarity,AI chatbot embedded in hero demo showing real-time interaction with n8n docs knowledge base,AI documentation agent platform enabling teams to build accurate support chatbots from technical docs in hours.,
coderabbit-ai,Coderabbit,https://coderabbit.ai,coding-agents,series-b,us,global,developer,"[""Learn more"", ""Agent"", ""Enterprise"", ""Customers"", ""Pricing"", ""Blog"", ""Resources"", ""Docs"", ""Trust Center"", ""Contact Us""]",10,product-led,traditional-bar,,True,Try it for free,start-free-trial,2col,"Cut code review time & bugs in half, instantly.",9,False,True,15,benefit-first,collage,False,,,,False,0,none,,True,video,,,False,[],True,"[""SOC2"", ""GDPR""]",mixed,5,False,False,False,True,False,False,False,product-ui,terminal-hacker,False,patterned,#ff6b35,"[""#ff6b35"", ""#ffffff"", ""#1a1a1a"", ""#4a4a4a""]",False,unknown,scandia,IBM Plex Mono,64-96,custom-illustrated,product-ui,False,unknown,True,,"[""blog""]",,True,0,,,False,False,True,0,True,True,False,,inline-form,False,"[""GA4"", ""Segment"", ""HubSpot"", ""Posthog""]",True,next,spa,False,True,True,True,False,"[""Organization"", ""WebSite""]",True,True,usage-based,0,True,True,True,False,True,False,True,,https://www.coderabbit.ai/agent?,other,long-scroll,False,1000-3000,,https://www.coderabbit.ai/enterprise?,other,long-scroll,False,300-1000,,blog,10-50,basic,True,True,founder-voice,medium,False,False,True,False,consistent,False,custom,vercel,True,15,60,unknown,free-trial,8,consistent,[],0,medium,20,5,Dark terminal-inspired UI with orange accent and embedded code review screenshot as hero visual,Primary color mismatch between deterministic hint (#aba7b6) and actual brand orange (#ff6b35) creates ambiguity,Real code review output embedded directly in hero with live bot comments and severity badges,AI-powered code review agent for developers that cuts review time and bugs in half with instant feedback.,Dual CTA strategy: 'Learn more' banner at top + 'Try it for free' in hero suggests nurture funnel beyond immediate conversion
braintrustdata-com,Braintrust,https://braintrustdata.com,dev-tools,series-b,us,global,unknown,"[""Docs"", ""Customers"", ""Blog"", ""Pricing"", ""Contact sales"", ""Sign in"", ""Sign up""]",7,product-led,traditional-bar,,True,Start building,sign-up,1col-centered,Ship quality AI at scale,5,True,True,15,benefit-first,video,True,Watch video,True,,True,8,grayscale-static,,False,none,,,False,[],True,"[""SOC2"", ""HIPAA"", ""GDPR"", ""PCI""]",none,0,False,False,False,False,False,True,False,mixed,tech-minimal,False,solid,#5b4ef5,"[""#5b4ef5"", ""#ffffff"", ""#000000""]",False,sans-sans,btSans,Inter,40-64,custom-illustrated,abstract-art,False,unknown,True,,"[""blog"", ""case-studies"", ""ebooks""]",,True,3,,,False,True,False,0,True,False,False,,inline-form,False,"[""GA4"", ""Segment""]",False,next,ssr,True,False,True,True,False,"[""Organization"", ""SoftwareApplication"", ""WebSite""]",True,True,tier,6,False,True,False,False,False,True,False,,https://braintrustdata.com/docs,other,long-scroll,False,<300,,https://braintrustdata.com/customers,customers,long-scroll,False,300-1000,,blog,50+,basic,False,True,founder-voice,medium,False,False,False,False,consistent,False,custom,vercel,True,0,99,unknown,self-sign-up,20,consistent,"[""SSO""]",0,high,17,5,"Abstract vertical bar visualization as hero graphic, representing data traces and evaluations in minimalist form",Primary CTA button ('Start building') competes visually with secondary 'Contact sales' button; inconsistent CTA hierarchy,"Data trace visualization using vertical dashes and dots as abstract pattern background, replacing typical product screenshots or 3D renders","AI observability platform enabling developers to evaluate, monitor, and improve production AI systems at scale.",Deterministic hint shows primary_color_hex as #094135 (dark teal) but visible button and branding clearly use vibrant blue (#5b4ef5); screenshot takes precedence.
glean-com,Glean,https://glean.com,ops-automation,series-c,us,us,ops,"[""Register now"", ""Customers"", ""About"", ""Sign in"", ""Get a demo""]",5,audience-led,traditional-bar,,False,Get a demo,book-demo,2col,Work AI that works for retail.,6,True,True,19,benefit-first,collage,False,Register now,True,,True,594,grayscale-static,,True,video,,,True,"[""Gartner"", ""Forrester""]",True,"[""CCPA""]",cards-grid,5,True,False,False,False,False,True,False,mixed,corporate-clean,True,gradient,#343ced,"[""#343ced"", ""#ffffff"", ""#f0f2ff""]",False,all-serif,Polysans Neutral,Polysans Neutral,40-64,custom-illustrated,abstract-art,False,gsap,True,,"[""blog"", ""webinar""]",,False,0,,,False,False,False,0,False,False,False,,book-demo-only,False,[],False,webflow,spa,False,True,False,True,False,"[""Corporation""]",True,True,usage-based,0,False,True,True,False,True,True,True,,https://glean.com/glean-live,other,long-scroll,True,1000-3000,,https://glean.com/resources/customer-stories,customers,long-scroll,False,1000-3000,,blog,50+,basic,True,True,corporate,medium,False,False,False,False,consistent,False,webflow,cloudflare,True,11,16,unknown,book-demo,2,consistent,[],0,high,17,5,Asymmetric product showcase with animated agent illustrations on right; blue gradient backdrop with floating integration icons,Cookie consent modal obscures hero content; 'Register now' in banner and 'Get a demo' as primary CTA creates dual conversion paths,"Integrated use-case cards with checkmark lists (e.g., 'Can you do a 360 on Acme Corp?') demonstrating agent capabilities inline",Enterprise AI work platform enabling retail employees with AI assistants and agents powered by company knowledge.,
writer-com,Writer,https://writer.com,marketing-ops,series-c,us,global,marketer,"[""Try for free"", ""Product"", ""Solutions"", ""Research"", ""Plans"", ""Customers"", ""Resources""]",7,product-led,traditional-bar,,True,Try for free,start-free-trial,asymmetric,Your best marketer can’t be everywhere. Their AI agents can.,10,True,False,0,benefit-first,collage,False,Try for free,True,,True,28,grayscale-static,,True,named-headshot,,,True,"[""G2""]",True,"[""PCI""]",cards-grid,4,False,False,True,False,False,False,False,mixed,corporate-clean,True,gradient,#5551ff,"[""#5551ff"", ""#ffffff"", ""#000000""]",False,serif-sans,Poppins,CanelaDeck,64-96,custom-illustrated,photo,False,unknown,True,,"[""blog"", ""ebooks"", ""webinar""]",,False,5,,,True,False,True,0,False,True,False,,inline-form,False,"[""GA4"", ""Segment"", ""HubSpot""]",True,wordpress,spa,False,True,True,True,False,[],True,False,tier,3,True,True,True,False,True,True,True,,https://app.writer.com/register,other,long-scroll,False,unknown,,https://writer.com/research/,other,long-scroll,False,300-1000,,blog,50+,basic,True,True,authoritative,medium,False,False,False,False,consistent,False,contentful,other,True,20,41,unknown,book-demo,16,consistent,[],0,high,18,5,Purple accent color paired with genuine human photography overlaid with use-case cards creating conversational UI depth,Cookie consent banner obscures lower hero content and competes for attention with main CTA,AI agents framed as delegation partners rather than tools; marketing-specific personas with actual workflow examples,Enterprise AI agent platform enabling marketers to automate and delegate work through AI rather than prompt tools.,Primary CTA is 'Try for free' in nav but hero shows 'Request a demo'—mixed conversion strategy for same audience segment
aaru-com,Aaru,https://aaru.com/,marketing-ops,series-a,us,global,exec,"[""HOME"", ""PRODUCTS"", ""ABOUT"", ""CONTACT"", ""Contact""]",5,product-led,traditional-bar,,False,CONTACT,contact-sales,asymmetric,Rendering human granularity.,3,False,True,15,visionary,video,True,,,,False,1,none,,True,tweet-embed,,,False,[],False,[],none,0,False,False,False,False,False,False,True,mixed,tech-minimal,False,solid,#ccff00,"[""#000000"", ""#ffffff"", ""#ccff00""]",False,sans-sans,abcOracle,abcOracle,<40px,none,abstract-art,False,unknown,True,,"[""blog""]",,False,3,,,False,True,False,2026,False,False,False,,inline-form,False,[],False,next,ssr,True,False,False,False,False,[],False,False,talk-to-us,0,False,False,False,False,False,False,False,,https://aaru.com/products,product,long-scroll,False,<300,,https://aaru.com/about,about,long-scroll,True,<300,,none,unknown,none,,,authoritative,high,False,True,False,False,consistent,False,custom,vercel,True,1,23,unknown,contact-sales,4,consistent,[],0,medium,25,4,Monochromatic dark hero with ASCII/text-based human visualization as central visual metaphor,No visible CTA in hero; CONTACT button in nav may not drive sufficient conversions for B2B SaaS,Using ASCII/character rendering of human silhouettes to literally embody 'granularity' concept,Multi-agent simulation software for population modeling and decision prediction with visionary positioning.,EY validation study mentioned emphasizes credibility via third-party research rigor rather than typical case-study marketing
lyzr-ai,Lyzr,https://lyzr.ai,agent-platforms,series-a,us,global,exec,"[""Customer Support"", ""AI Cross Channel Support"", ""Email Triage Agent"", ""AI Phone Support"", ""Support Interaction"", ""CRM Case Generator"", ""Procurement"", ""Supplier Onboarding"", ""Supplier Sourcing"", ""Supplier Performance""]",10,use-case-led,mega-menu,,False,Talk to us,contact-sales,2col,"Deploy AI Agents to Production. In weeks, not quarters.",9,True,True,7,benefit-first,collage,False,Solutions,True,,False,0,none,,True,video,,,True,"[""G2""]",False,[],none,0,False,False,False,False,False,True,False,isometric,corporate-clean,False,solid,#8b6b5f,"[""#8b6b5f"", ""#f0e8e4"", ""#000000"", ""#ffffff""]",False,all-serif,Playfair Display,Inter,40-64,custom-illustrated,isometric,False,unknown,True,,"[""blog""]",,False,0,,,True,True,False,0,False,True,False,,inline-form,False,"[""Clarity"", ""HubSpot""]",True,wordpress,ssr,True,False,True,True,False,"[""Organization"", ""WebSite""]",True,True,usage-based,1,False,False,True,False,False,True,False,,https://www.lyzr.ai/jeff,other,long-scroll,False,1000-3000,,https://www.lyzr.ai/blueprints/support/ai-cross-channel-support-agent/,other,long-scroll,True,1000-3000,,blog,10-50,basic,True,True,corporate,high,False,True,False,True,consistent,False,wordpress,unknown,False,9,71,unknown,contact-sales,20,consistent,[],0,high,19,5,Isometric 3D illustration of control plane showing enterprise AI agents integration with major platforms,Primary CTA 'Talk to us' buries sales intent; secondary email capture suggests lead magnet confusion,Explicit 'control plane' metaphor as hero tagline for enterprise AI agent deployment,Enterprise AI agent deployment platform positioning speed-to-production as core differentiator,
warmly-ai,Warmly,https://warmly.ai,sales-enablement,series-a,us,global,ops,"[""How Warmly WorksGTM agents"", ""The GTM Brain Layer"", ""Inbound AgentConvert visitorswhile on-site"", ""AI Chatbot"", ""Personalized Landing Pages"", ""Smart Popups"", ""Live Human Chat"", ""Meeting Booking"", ""Lead Routing"", ""Real-time Alerts""]",10,product-led,traditional-bar,,False,Book a Demo,book-demo,asymmetric,AI GTM Platform That Learns Your Business,7,True,True,11,feature-list,collage,False,,,,True,57,grayscale-static,,False,none,,,True,"[""G2""]",True,"[""GDPR"", ""PCI""]",bento,8,False,False,True,False,False,True,True,product-ui,tech-minimal,True,gradient,#ff1493,"[""#ff1493"", ""#ff69b4"", ""#00d4ff"", ""#0f131a"", ""#ffffff""]",False,all-serif,Hind,Inter,40-64,custom-illustrated,mixed,False,gsap,True,,"[""blog"", ""ebooks"", ""webinar""]",,False,0,,,True,False,False,0,True,True,False,,book-demo-only,False,"[""GA4"", ""Segment"", ""HubSpot"", ""Posthog""]",True,webflow,spa,False,True,False,True,False,"[""VideoObject"", ""WebPage""]",True,True,tier,6,True,False,False,False,False,True,True,,https://warmly.ai/how-it-works,other,long-scroll,False,1000-3000,,https://warmly.ai/p/blog/gtm-brain-own-decisions,other,long-scroll,False,3000+,,blog,50+,basic,False,True,corporate,high,False,False,False,False,consistent,False,webflow,cloudflare,True,11,61,unknown,book-demo,8,consistent,[],0,high,17,5,Vibrant magenta accent color with flowing context-graph visualization showing AI agent decision pathways,"High jargon density in hero (GTM, TAM Agent, Context Graph) may confuse non-sales ops audiences","Context Graph visualization showing real-time signal routing through multiple AI agents (Signal Agent, Buying Committee Agent, Learning Agent) with persistent visual thread linking platform features",AI-native GTM platform using two autonomous agents and context graphs to automate full-funnel sales execution.,Deterministic hint shows primary_color_hex as #0f131a (near-black) but visual dominant is magenta; using screenshot-derived magenta #ff1493 per deferral rule
lindy-ai,Lindy,https://lindy.ai,agent-platforms,series-b,us,global,pm,"[""Pricing"", ""Enterprise"", ""Security"", ""Integrations"", ""DocsAI AgentsLearn how to build AI Agents."", ""DocsGetting Started With Lindy: 101Learn how to build your first ai email assist"", ""DocsAll you need to know about Lindy."", ""Case StudiesFind out how real companies use Lindy in the wild."", ""BlogLatest news, tips and tricks"", ""Talk to salesSee how Lindy saves your team hours every day""]",10,product-led,traditional-bar,,True,Try for free,start-free-trial,1col-centered,Get two hours back every day.,6,False,True,22,benefit-first,collage,False,Try for free,True,,False,1,none,,True,video,,,False,[],True,"[""SOC2"", ""HIPAA"", ""GDPR""]",none,0,False,False,True,False,False,False,False,mixed,corporate-clean,False,solid,#0f3547,"[""#0f3547"", ""#2563eb"", ""#ffffff""]",False,all-serif,Manrope,Manrope,64-96,custom-illustrated,device-mockup,False,gsap,True,,"[""blog"", ""case-studies"", ""ebooks""]",,False,0,,,False,False,True,0,False,True,False,,inline-form,False,"[""GA4"", ""HubSpot"", ""Posthog""]",True,webflow,spa,False,True,True,True,False,[],True,True,tier,2,False,True,True,False,False,True,False,,https://lindy.ai/enterprise,other,long-scroll,False,300-1000,,https://lindy.ai/security,other,long-scroll,False,300-1000,,blog,10-50,basic,False,True,authoritative,low,False,False,False,False,consistent,False,webflow,cloudflare,True,10,35,unknown,free-trial,14,consistent,[],0,high,17,5,Wood-grain device mockup with chat overlay showing Lindy proactively managing inbox,Social proof badge mentions 400K+ users but positioned modestly above headline,Proactive AI assistant framing (anticipates needs before asked) emphasizes predictive capability,AI inbox assistant helping knowledge workers reclaim two hours daily through proactive email and calendar management.,Strong benefit-driven positioning ('Get two hours back') paired with concrete use cases (Ask/Act/Anticipate) creates clarity rare in AI agent category
11x-ai,11x.ai,https://11x.ai,sales-enablement,series-b,us,global,pm,"[""AliceOutbound digital worker"", ""Outbound Lead Generation"", ""Lead Nurture"", ""Lead Reactivation"", ""Retargeting Website Visitors"", ""Competitive Takeout"", ""Customer Expansion"", ""Closed Lost"", ""PLG Conversion"", ""Event Registration""]",10,product-led,traditional-bar,,False,Get started,sign-up,asymmetric,"Digital workers, Human results.",4,False,True,7,benefit-first,collage,False,Get started,False,,True,10,grayscale-static,,True,video,,,False,[],False,[],tabs,3,False,False,True,False,True,False,False,mixed,corporate-clean,True,image-bg,#ffffff,"[""#8b7d6b"", ""#ffffff"", ""#2d2d2d""]",False,all-serif,ES Allianz,ES Allianz,96+,none,photo,False,unknown,True,,"[""blog""]",,False,0,,,True,False,False,0,False,False,False,,inline-form,False,"[""GA4"", ""Posthog""]",False,webflow,spa,False,True,True,True,False,"[""Organization""]",False,False,talk-to-us,0,False,False,False,False,False,False,False,,https://www.11x.ai/worker/alice,other,long-scroll,False,300-1000,,https://www.11x.ai/products/alice/outbound-lead-generation,product,long-scroll,False,300-1000,,blog,10-50,basic,False,True,founder-voice,medium,False,False,True,True,consistent,False,webflow,cloudflare,True,10,27,unknown,self-sign-up,0,consistent,[],0,high,18,4,Surrealist alien figure on barren landscape as hero image reinforces 'digital workers' metaphor unusually.,White text on brown/tan gradients risks readability; logo white on tan lacks contrast.,"Named AI agents (Alice, Julian) positioned as distinct digital worker personas with specific roles.",AI-powered digital workers platform automating outreach for sales and RevOps teams.,Alien/astronaut imagery unusually ties to 'digital workers' concept—creative risk positioning AI as non-human labor.
commonroom-io,Common Room,https://commonroom.io,sales-enablement,series-b,us,global,pm,"[""Signals\n\nFrom anywhere, all in one place"", ""RoomieAI\u2122\n\nThe most informed AI in GTM"", ""RevOps"", ""Resource Hub"", ""Customers"", ""Pricing"", ""Log in"", ""Request demo""]",8,product-led,mega-menu,,True,Request demo,book-demo,1col-centered,Pipeline powered by buyer intelligence,5,False,True,11,benefit-first,collage,False,Request demo,True,,False,0,none,,True,tweet-embed,,,False,[],True,"[""GDPR""]",,0,False,False,False,False,False,False,False,text-only,corporate-clean,True,gradient,#1bc88c,"[""#1bc88c"", ""#17a074"", ""#ffffff""]",False,all-serif,Suisse Intl,Suisse Intl,64-96,none,,False,unknown,False,,[],,False,2,,,False,False,False,0,False,False,False,,inline-form,False,[],False,gatsby,ssr,True,False,True,True,False,"[""Organization"", ""Review""]",True,True,usage-based,0,False,False,False,False,False,True,False,,https://commonroom.io/product/signals/,product,long-scroll,False,300-1000,,https://commonroom.io/product/ai/,product,long-scroll,False,300-1000,,blog,10-50,basic,False,True,authoritative,high,False,False,False,False,consistent,False,webflow,netlify,True,0,12,unknown,book-demo,1,consistent,[],0,medium,22,5,Teal-to-turquoise gradient background with centered white typography and inline email-capture form,"Heavy jargon ('buyer intelligence', 'RoomieAI™', 'DataAgent') in hero without explanation may confuse unfamiliar visitors",GTM-specific product positioning emphasizing 'buyer intelligence' as core differentiator with proprietary AI agents (RoomieAI™),AI-powered GTM platform that generates sales pipeline through buyer intelligence and automated signal collection.,
sarvam-ai,Sarvam AI,https://sarvam.ai,data-infra,series-a,india,india,unknown,[],0,audience-led,traditional-bar,,False,Experience Sarvam,start-free-trial,1col-centered,AI for all from India,5,True,True,13,visionary,collage,False,PLATFORM,True,,True,28,grayscale-static,,True,video,,,False,[],True,"[""SOC2""]",none,0,False,False,False,False,False,False,False,text-only,corporate-clean,True,gradient,#212191,"[""#212191"", ""#ff6b35"", ""#ffffff""]",False,all-serif,Season Mix,Matter,64-96,none,abstract-art,False,unknown,True,,"[""blog""]",,False,4,,,False,False,False,2026,False,True,False,,book-demo-only,False,"[""GA4"", ""HubSpot"", ""Posthog""]",True,astro,spa,False,True,True,True,False,"[""Organization"", ""WebSite""]",False,False,talk-to-us,0,False,False,False,False,False,False,False,,,other,long-scroll,,unknown,,,other,long-scroll,,unknown,,blog,0-10,basic,False,True,authoritative,medium,False,False,False,False,consistent,False,unknown,other,True,7,13,unknown,book-demo,22,consistent,[],0,medium,26,4,Ornamental divider and sovereign/India-first positioning emphasis in hero,No visible feature descriptions or use-case details on homepage,Heavy focus on sovereign AI and Indian sovereignty angle as primary value prop,India-first sovereign AI platform offering models and infrastructure built on local compute.,Strong emphasis on national/geopolitical positioning rather than technical capabilities
rocketlane-com,Rocketlane,https://rocketlane.com,customer-support,series-c,india,global,pm,"[""Get started"", ""Book your spot \u2192"", ""Terms & Conditions"", ""Privacy Policy"", ""Book a demo"", ""Webflow Homepage"", ""Nitro: Rocketlane AIAgents that execute frontline work, govern delivery processe"", ""Financial ManagementTurn project delivery into billing seamlessly as finance age"", ""Project Delivery\u2028\u2028Projects agents convert SOWs into project plans automatically,"", ""Client PortalGive clients full visibility into project progress, keep teams acco""]",10,product-led,traditional-bar,,True,Book a demo,book-demo,asymmetric,"Deliver radical efficiency with an agentic, all-in-one PSA",8,False,False,0,benefit-first,collage,False,Contact sales,True,,True,103,grayscale-static,,True,video,,,True,"[""G2"", ""Capterra"", ""Gartner""]",True,"[""GDPR"", ""PCI""]",none,0,False,False,False,False,False,False,False,text-only,corporate-clean,True,image-bg,#0052cc,"[""#0052cc"", ""#ffffff"", ""#000000"", ""#f5f5f5""]",False,all-serif,Sf Pro Display,Sf Pro Display,40-64,none,photo,False,gsap,False,,[],,False,0,,,False,False,False,0,False,True,False,,book-demo-only,False,"[""GA4"", ""Segment"", ""Clarity"", ""HubSpot"", ""Hotjar""]",True,webflow,ssr,True,False,True,True,False,[],True,True,tier,6,True,True,True,False,False,True,False,,https://www.rocketlane.com/legal/terms,other,long-scroll,False,3000+,,https://www.rocketlane.com/legal/privacy-policy,other,long-scroll,False,3000+,,blog,0-10,basic,False,True,corporate,high,False,False,False,False,consistent,False,webflow,cloudflare,True,20,47,unknown,book-demo,0,consistent,"[""Google"", ""SSO""]",0,high,17,5,Scenic landscape background with integrated architecture imagery creates premium SaaS feel,"Hero relies heavily on jargon (agentic PSA, radical efficiency) without immediate clarification",Dual-button CTA (Free trial + Book demo) positioned symmetrically in hero with arrow accent on primary,AI-powered PSA platform for service delivery teams emphasizing radical efficiency through agentic automation,
attio-com,Attio,https://attio.com,sales-enablement,series-b,uk,global,pm,"[""Customers"", ""Pricing"", ""Ask AttioSearch and create with AI"", ""AINative to your CRM"", ""Data modelSync and enrich your data"", ""Productivity & collaborationContext for your team operations"", ""WorkflowsAutomate any process"", ""SequencesPersonalized outreach"", ""Call IntelligenceRecord and analyze meetings"", ""ReportingInsights in real time""]",10,product-led,traditional-bar,,True,Start for free,self-sign-up,1col-centered,Customer relationship magic.,3,False,True,7,visionary,collage,False,,,,False,0,none,,True,tweet-embed,,,False,[],True,"[""GDPR"", ""CCPA""]",tabs,4,True,False,False,False,True,False,False,mixed,corporate-clean,False,solid,#000000,"[""#000000"", ""#ffffff"", ""#6b7280""]",False,sans-sans,interDisplay,inter,64-96,filled,product-ui,False,unknown,True,,"[""blog"", ""case-studies"", ""webinar""]",,True,1,,,False,False,True,0,False,False,True,,inline-form,False,"[""GA4"", ""Clarity""]",False,next,ssr,True,False,True,True,False,"[""Organization"", ""SoftwareApplication"", ""WebSite""]",True,True,tier,6,True,True,True,True,True,True,False,,https://attio.com/customers,customers,long-scroll,False,300-1000,,https://attio.com/platform/ask,product,long-scroll,False,300-1000,,blog,10-50,basic,False,True,founder-voice,medium,False,False,False,True,consistent,False,custom,vercel,True,17,59,unknown,self-sign-up,28,consistent,[],0,high,19,5,Integrated AI chat interface (Ask Attio) embedded within product UI showcase below hero,Primary CTA 'Start for free' duplicated in top-right nav and hero; secondary 'Talk to sales' lacks equal visual prominence,Live conversational AI UI baked into the product demo section as part of the feature storytelling,AI-native CRM platform positioning itself as relationship intelligence for GTM teams with free trial entry.,The product itself (Ask Attio chatbot) is the hero feature; they lead with AI-first paradigm rather than traditional CRM selling.
gamma-app,Gamma,https://gamma.app,design-tooling,series-b,us,unknown,unknown,[],0,unknown,unknown,,False,,unknown,1col-centered,,0,,True,3,ambiguous,none,False,,,,False,0,none,,True,anonymous-quote,,,False,[],True,"[""CCPA"", ""PCI""]",none,0,False,False,False,False,False,False,False,text-only,corporate-clean,True,gradient,#1a3a52,"[""#b3d9ff"", ""#ffffff"", ""#1a3a52"", ""#ff9500""]",False,unknown,,PPMori,unknown,none,abstract-art,False,unknown,False,,[],,False,0,,,False,False,False,0,True,False,False,,none,False,[],False,unknown,unknown,False,False,True,False,False,[],False,False,talk-to-us,0,False,False,False,False,False,False,False,,,other,long-scroll,,unknown,,,other,long-scroll,,unknown,,none,unknown,none,,,minimal,low,False,False,False,False,consistent,False,unknown,cloudflare,True,1,2,unknown,unknown,0,unknown,[],0,low,48,4,Loading state as hero—deferred reveal with cloud illustrations and Cloudflare badge,No visible CTA or navigation; appears to be a loading/verification screen rather than actual homepage,Using a security verification UI as the primary hero instead of traditional value prop,Gamma loading/verification screen with minimal branding and cloud-themed aesthetic.,"This appears to be a transient page (verification in progress) rather than a static homepage, making traditional conversion/design analysis difficult."
cognition-ai,Cognition (Devin),https://cognition.ai,coding-agents,series-b,us,global,developer,"[""OVERVIEW"", ""ENTERPRISE"", ""PRICING"", ""CUSTOMERS"", ""OVERVIEW"", ""INSTALL"", ""ENTERPRISE"", ""PRICING"", ""BLOG"", ""CONTACT US""]",10,product-led,traditional-bar,,True,GET STARTED WITH DEVIN,sign-up,2col,COGNITION IS AN AGENT LAB,5,False,True,4,visionary,none,False,GET STARTED WITH DEVIN,True,,False,0,none,,False,none,,,False,[],False,[],none,0,False,False,False,False,False,False,False,text-only,terminal-hacker,False,patterned,#4d9bff,"[""#0f131c"", ""#4d9bff"", ""#ffffff""]",False,all-serif,IBM Plex Sans Condensed,IBM Plex Sans,<40px,none,abstract-art,False,unknown,True,,"[""blog""]",,False,4,,,True,False,False,0,False,False,False,,book-demo-only,False,"[""GA4""]",False,astro,spa,False,True,False,True,False,[],False,False,talk-to-us,0,False,False,False,False,False,False,False,,https://devin.ai,other,long-scroll,False,1000-3000,,https://devin.ai/enterprise,other,long-scroll,False,1000-3000,,blog,10-50,basic,False,True,authoritative,medium,False,False,False,False,consistent,False,unknown,vercel,True,4,9,unknown,sign-up,2,consistent,[],0,medium,21,4,Code-patterned dark background with ASCII/matrix styling evokes terminal-hacker aesthetic while showcasing AI software engineer identity,"Hero text hierarchy splits product name 'DEVIN' across color/bracket styling, potentially reducing scanning clarity for first-time visitors",Full-screen algorithmic code pattern background integrated with hero messaging creates immersive developer-centric brand identity distinct from typical SaaS hero designs,Cognition positions DEVIN as The AI software engineer through a terminal-hacker aesthetic and visionary copywriting targeting developer audiences,
genspark-ai,Genspark,https://genspark.ai,ops-automation,series-b,us,unknown,unknown,[],0,unknown,unknown,,False,,unknown,1col-centered,www.genspark.ai,1,False,True,20,ambiguous,big-image,False,,,,False,0,none,,False,none,,,False,[],False,[],none,0,False,False,False,False,False,False,False,text-only,corporate-clean,False,solid,#313131,"[""#ffffff"", ""#313131""]",False,all-serif,system-ui,system-ui,40-64,none,none,False,unknown,False,,[],,False,0,,,False,False,False,0,False,False,False,,none,False,[],False,unknown,ssr,True,False,False,True,False,[],False,False,talk-to-us,0,False,False,False,False,False,False,False,,,other,long-scroll,,unknown,,,other,long-scroll,,unknown,,none,unknown,none,,,corporate,low,False,False,False,False,consistent,False,unknown,cloudflare,True,1,2,unknown,unknown,0,scattered,[],0,medium,43,4,Cloudflare security verification interstitial page blocking access,No actual site content visible; user cannot assess product or value,,Security verification page blocking access to Genspark.ai,"This is a Cloudflare verification wall, not the actual product website"
fyxer-ai,Fyxer AI,https://fyxer.ai,ops-automation,series-b,uk,global,ops,"[""Pricing"", ""Security"", ""Speak to sales"", ""Log in"", ""AI email assistant"", ""Inbox organization"", ""Email draft writer"", ""Meeting notetaker"", ""Enterprise"", ""SMB""]",10,product-led,traditional-bar,,True,Start with Gmail,self-sign-up,1col-centered,Your assistant for sorting emails,5,False,True,7,benefit-first,video,True,How it works,True,,False,0,none,,True,video,,,True,"[""Trustpilot""]",True,"[""HIPAA"", ""GDPR"", ""ISO27001"", ""PCI""]",none,0,False,False,True,False,False,False,True,product-ui,tech-minimal,False,solid,#ff5a39,"[""#ff5a39"", ""#000000"", ""#ffffff""]",False,unknown,f37Hybrid,ui-sans-serif,64-96,custom-illustrated,product-ui,False,unknown,True,,"[""blog"", ""case-studies""]",,True,0,,,True,False,False,0,True,False,False,,inline-form,False,"[""Posthog""]",False,next,spa,False,True,False,False,False,"[""Organization"", ""WebSite""]",False,False,talk-to-us,0,False,False,False,False,False,False,False,,https://fyxer.ai/security,other,long-scroll,False,<300,,https://fyxer.ai/sales,other,long-scroll,False,<300,,blog,0-10,basic,False,False,corporate,low,False,False,False,False,consistent,True,webflow,vercel,True,0,49,unknown,self-sign-up,8,consistent,"[""Microsoft"", ""SSO""]",0,high,16,4,Dual-option CTA buttons (Gmail/Outlook) with branded icons; bold orange accent color on 'sorting emails' hero text,Primary CTA in nav says 'Start for free' but hero CTAs are platform-specific sign-ups; some messaging redundancy across sections,Email platform-specific onboarding flows (Gmail vs Outlook) surfaced directly in hero with native provider icons,"AI email assistant for inbox organization and email drafting targeting operations teams, emphasizing quick Gmail/Outlook integration.","Product-UI screenshot in hero shows Gmail inbox with instant categorization overlay, demonstrating core value prop visually rather than abstractly"
atomicwork-com,Atomicwork,https://atomicwork.com,customer-support,series-a,us,global,enterprise-it,"[""Universal AgentLive end-user support"", ""Incident ManagementDetect fast to resolve faster"", ""Knowledge ManagementInstant help for employees"", ""Agentic IGAnewAccelerate access provisioning"", ""Change ManagementHigh velocity IT operations"", ""Agentic ESMGo beyond IT & HR Support"", ""Agentic ITSMAutomate IT service desk"", ""IT Service AutomationSuperfast prompt to code"", ""OverviewAgentic service management"", ""Universal ContextLeverage enterprise IT graph""]",10,product-led,mega-menu,,True,Book a demo,book-demo,1col-centered,AI Agents that work for,5,True,True,25,benefit-first,collage,False,,,,True,55,grayscale-static,,True,video,,,True,"[""Gartner""]",True,"[""SOC2"", ""HIPAA"", ""GDPR"", ""CCPA"", ""PCI""]",none,0,False,False,False,False,False,True,False,mixed,tech-minimal,True,gradient,#862fe7,"[""#862fe7"", ""#ff5245"", ""#f5f5f5""]",False,all-serif,Interdisplay,Intervariable,40-64,custom-illustrated,mixed,False,gsap,True,,"[""case-studies""]",,False,0,,,False,False,False,0,True,False,False,,book-demo-only,False,"[""HubSpot""]",False,webflow,ssr,True,False,True,True,False,"[""VideoObject""]",True,True,usage-based,1,False,True,True,False,False,True,False,,https://atomicwork.com/features/universal-ai-agent,features,long-scroll,False,1000-3000,,https://atomicwork.com/features/it-incident-management,features,long-scroll,False,300-1000,,blog,10-50,basic,False,True,corporate,high,False,False,False,False,consistent,False,webflow,cloudflare,True,1,22,unknown,book-demo,0,consistent,[],0,high,17,5,Purple-to-pink gradient hero with bold black headline and accent color highlight on 'IT team',Hero CTA text 'Book a demo' lacks urgency or benefit-driven language compared to top-nav alternate CTA,Dual-CTA strategy with persistent top-right 'Schedule a demo' competing with centered hero 'Book a demo',"AI-powered IT service management platform targeting enterprise IT teams with agentic automation for HR, Finance, and Workplace requests.",Case study banner at page top with 98% ESAT metric front-loads customer proof before value prop—rare hero placement strategy.
clay-com,Clay,https://clay.com,sales-enablement,series-c,us,global,marketer,"[""ClaygentResearch target companies and people with AI"", ""AdsSync targeted ad audiences to LinkedIn, Meta, and Google"", ""WaterfallCombine multiple data providers for the best coverage"", ""AudiencesCentralize your first and third party data sources in Clay"", ""Signals and IntentTrack job changes promotions or other signals"", ""SequencerUse Clay's native sequencer or automate messaging"", ""Data marketplaceBuy data from 150+ providers in one place"", ""SculptorBuild GTM workflows with natural language"", ""Functions"", ""AI formating""]",10,product-led,traditional-bar,,True,Start building for free,self-sign-up,1col-centered,Go to market with unique data — and the ability to act on it,14,False,True,17,benefit-first,collage,False,Start building for free,True,,True,40,grayscale-static,,True,video,,,True,"[""G2""]",True,"[""SOC2"", ""GDPR"", ""ISO27001"", ""CCPA""]",none,0,False,False,False,False,False,True,False,text-only,corporate-clean,False,solid,#9f9b93,"[""#ffffff"", ""#000000"", ""#9f9b93""]",False,all-serif,Roobert,Roobert,64-96,none,3d-render,False,gsap,True,,"[""case-studies""]",,True,0,,,True,False,False,0,True,False,False,,book-demo-only,False,"[""GA4"", ""Segment""]",False,unknown,ssr,True,False,False,True,False,"[""SoftwareApplication"", ""WebSite""]",True,True,tier,6,True,True,True,False,True,True,True,,https://clay.com/claygent,other,long-scroll,True,1000-3000,,https://clay.com/ads,other,long-scroll,False,1000-3000,,blog,50+,basic,True,True,corporate,medium,False,False,False,False,consistent,False,unknown,cloudflare,True,10,39,unknown,self-sign-up,24,consistent,"[""Google""]",0,high,16,5,Colorful 3D stacked shapes and icons flanking centered headline to soften enterprise software aesthetic,Taupe/grey primary color lacks visual pop for modern GTM platform; feels corporate rather than dynamic,3D modular shape designs with building blocks metaphor reinforces data-stacking product positioning,"Clay unifies GTM data and AI orchestration for go-to-market teams to enrich, target, and activate at scale.","Navigation exposes 10+ product features/modules directly (Claygent, AdsSync, Waterfall, etc.) suggesting heavy feature-parity positioning rather than use-case simplification."
portkey-ai,Portkey.ai,https://portkey.ai,data-infra,series-a,us,global,developer,"[""\ud83d\ude80 Introducing Agent Gateway \u2014 governance, observability, and control for your A"", ""Rankings"", ""Pricing"", ""Book a demo"", ""Sign Up""]",5,product-led,traditional-bar,,True,Book a Demo,book-demo,2col,Production Stack for Gen AI Builders,6,True,True,26,benefit-first,collage,False,,,,False,0,none,,True,video,,,True,"[""ProductHunt""]",True,"[""HIPAA"", ""GDPR"", ""CCPA""]",cards-grid,5,True,False,False,False,False,False,False,product-ui,tech-minimal,True,gradient,#1ba9d9,"[""#1ba9d9"", ""#ffffff"", ""#000000""]",False,all-serif,Inter,sans-serif,64-96,custom-illustrated,product-ui,False,unknown,True,,"[""blog""]",,False,0,,,False,False,True,0,True,False,False,,book-demo-only,False,"[""GA4"", ""Clarity""]",False,framer,ssr,True,False,True,True,False,"[""WebSite""]",True,True,tier,2,False,False,False,False,False,True,True,,https://portkey.sh/agent-webinar,other,long-scroll,False,<300,,https://portkey.ai/rankings,other,long-scroll,False,<300,,blog,50+,basic,False,True,authoritative,medium,False,False,False,False,consistent,False,framer,cloudflare,True,9,13,unknown,book-demo,0,consistent,[],0,high,19,5,"Dark gradient hero with cyan accent, product screenshot in frame below headline creates visual hierarchy",Cookie consent popup positioned mid-viewport disrupts visual flow of product demo showcase,AI Gateway + observability + governance positioned as unified production stack for builders,"Portkey is an AI infrastructure platform providing gateway, observability, guardrails and governance for production LLM deployment.",
findem-ai,Findem,https://findem.ai,ops-automation,series-c,us,global,ops,"[""Our Platform \u2192"", ""Sourcing"", ""Talent Marketing"", ""Executive Search"", ""Analytics"", ""Market Intelligence"", ""Intelligent Job Post"", ""Meet the Agents"", ""Data Labeling Engine"", ""Embedded AI""]",10,product-led,traditional-bar,,False,Request a demo,book-demo,asymmetric,Built to find what builds people.,6,False,True,25,benefit-first,video,True,Request a demo,True,,False,0,none,,True,video,,,False,[],False,[],list,6,False,False,False,False,False,False,False,product-ui,corporate-clean,False,image-bg,#e9cf3b,"[""#e9cf3b"", ""#ffffff"", ""#4a4a4a""]",False,all-serif,Season Serif,Season Sans,40-64,none,photo,False,gsap,True,,"[""blog"", ""webinar""]",,False,0,,,False,False,False,0,True,True,False,,book-demo-only,False,"[""HubSpot""]",True,webflow,ssr,True,False,True,True,False,"[""Organization""]",True,False,usage-based,0,False,False,False,False,False,False,True,,https://findem.ai/platform,product,long-scroll,True,300-1000,,https://findem.ai/products/talent-sourcing,product,long-scroll,False,300-1000,,blog,10-50,basic,True,True,corporate,medium,False,True,False,True,consistent,False,webflow,cloudflare,True,4,27,unknown,book-demo,0,consistent,[],0,high,18,5,Stark black & white photography with gold accent typography and minimal layout emphasizes human-centric AI narrative,Multiple job title personas overlaid on single hero image may obscure rather than clarify value prop to different buyer types,Gold vertical line border on left edge creating asymmetric frame reinforces precision hiring theme,"AI-powered talent operations platform helping enterprises find, hire, and retain the right people through deep human insight.",
rillet-com,Rillet,https://rillet.com,ops-automation,series-b,us,us,exec,"[""Log in"", ""See it in action"", ""Product"", ""\uf518\uf061Automated general ledgerSkip manual tasks"", ""\uf573\uf061Accounts receivableGet paid on time"", ""\ue313\uf061Accounts payableNever miss a payment"", ""\uf66f\uf061Bank reconciliationMatch transactions in seconds"", ""\uf02d\uf061Close managementSpeed up your monthly close"", ""\ue29c\uf061Native IntegrationsIntegrations that actually work"", ""\uf659\uf061Flexible GAAP reportingCustomize your financial statements""]",10,product-led,traditional-bar,,False,Request a demo,book-demo,1col-centered,Enterprise ERP without the headache.,5,False,True,17,benefit-first,video,True,  Play video,True,,True,54,grayscale-static,,True,video,,,False,[],False,[],none,0,False,False,False,False,False,False,True,video,tech-minimal,False,solid,#582efd,"[""#582efd"", ""#1a1a1a"", ""#ffffff""]",False,all-serif,Space Grotesk,Space Grotesk,64-96,none,none,False,gsap,True,,"[""blog""]",,False,0,,,False,True,False,0,False,True,False,,book-demo-only,False,"[""GA4"", ""HubSpot"", ""Hotjar""]",True,webflow,ssr,True,False,False,True,False,[],False,False,talk-to-us,0,False,False,False,False,False,False,False,,https://app.rillet.io/,other,long-scroll,False,unknown,,https://rillet.com/product/automated-general-ledger,product,long-scroll,True,300-1000,,blog,10-50,basic,True,True,corporate,high,False,False,False,False,consistent,False,webflow,cloudflare,True,8,41,unknown,book-demo,0,consistent,[],0,medium,20,4,Dark hero with bold typography and credibility badge (5-star G2 rating) prominently positioned,Primary CTA in hero is 'Request a demo' while secondary in navbar is 'See it in action'—mixed signals on preferred action,G2 5-star badge integrated into hero copy section rather than separated; NetSuite positioning as explicit alternative in subheadline,"Enterprise ERP solution positioning itself as NetSuite alternative for scaling companies, emphasizing ease and speed.",
ashbyhq-com,Ashby,https://ashbyhq.com,ops-automation,series-c,us,global,ops,"[""Customers"", ""Pricing"", ""Log in"", ""Get in Touch""]",4,product-led,traditional-bar,,True,Get in Touch,contact-sales,1col-centered,What an ATS should be.,5,False,True,21,benefit-first,collage,False,Products,True,,False,1,none,,True,video,,,True,"[""G2""]",True,"[""SOC2""]",cards-grid,5,False,False,False,False,False,True,False,text-only,corporate-clean,True,solid,#5149d6,"[""#5149d6"", ""#000000"", ""#ffffff""]",False,all-serif,TTNormsPro,TTNormsPro,64-96,filled,none,False,unknown,False,,[],,False,0,,,True,False,True,0,False,False,False,,inline-form,False,"[""GA4""]",False,next,spa,False,True,False,True,False,[],True,True,usage-based,1,True,False,False,False,False,True,False,,https://ashbyhq.com/customers,customers,long-scroll,True,3000+,,https://app.ashbyhq.com/signin,other,long-scroll,False,<300,,blog,50+,basic,False,True,corporate,medium,False,False,False,False,consistent,False,custom,netlify,True,3,31,unknown,contact-sales,13,consistent,[],0,high,19,5,Bold typographic hero with 'What an ATS should be' positioning statement emphasizing category redefinition,Hero CTA is split between email form and button; unclear primary action path,Keynote event promotion directly in hero with gradient-bordered pill design,All-in-one AI-powered recruiting platform targeting ops leaders with emphasis on speed and scale.,
unstructured-io,Unstructured,https://unstructured.io,data-infra,series-a,us,global,developer,"[""Product"", ""Problems We Solve"", ""Resources"", ""Pricing"", ""Partners"", ""Login"", ""Book A Demo"", ""For Developers""]",8,product-led,traditional-bar,,True,Book A Demo,book-demo,1col-centered,GenAI-Ready Data Starts Here,4,False,False,0,benefit-first,collage,False,,,,False,0,none,,True,tweet-embed,,,True,"[""Gartner""]",False,[],none,0,False,False,False,False,False,False,False,text-only,tech-minimal,False,solid,#5afda5,"[""#5afda5"", ""#d4a8d4"", ""#b8b8b8""]",False,all-serif,Inter,Inter,64-96,none,none,False,unknown,False,,[],,False,0,,,False,False,False,0,True,False,False,,book-demo-only,False,[],True,unknown,ssr,True,False,False,False,False,[],True,True,usage-based,0,False,True,False,False,False,True,False,,https://unstructured.io/product,product,long-scroll,False,300-1000,,https://unstructured.io/problems-we-solve,other,long-scroll,False,300-1000,,blog,50+,basic,False,True,corporate,medium,False,False,False,False,consistent,False,sanity,unknown,False,1,3,unknown,book-demo,18,consistent,[],0,medium,25,5,Dual-color CTA buttons (yellow & purple) with contrasting nav design,Hero section appears empty/greyed with no visible copy below headline,ETL pipeline visual indicator in subheading suggests data pipeline positioning,"Data infrastructure platform for AI-ready extraction, transformation, and loading",
dust-tt,Dust,https://dust.tt,agent-platforms,series-a,eu,global,developer,"[""Product"", ""Chrome Extension"", ""Frames"", ""Integrations"", ""Sales"", ""Customer Support"", ""Marketing & Content"", ""Engineering"", ""Data & Analytics"", ""Knowledge""]",10,hybrid,traditional-bar,,False,Get started,start-free-trial,1col-centered,The Operating System for AI Agents,6,True,True,27,benefit-first,collage,False,Get started,False,,False,0,none,,True,tweet-embed,,,False,[],True,"[""SOC2"", ""HIPAA"", ""GDPR""]",none,0,False,False,False,False,True,False,False,text-only,tech-minimal,False,solid,#1c91ff,"[""#1c91ff"", ""#000000"", ""#ffffff"", ""#6b7280""]",False,all-serif,Geist,Geist,64-96,custom-illustrated,none,False,unknown,False,,[],,False,0,,,False,False,False,0,True,False,False,,inline-form,False,[],False,next,spa,False,True,False,True,False,[],True,False,usage-based,0,False,True,True,True,False,False,False,,https://dust.tt/home/product,product,long-scroll,False,300-1000,,https://dust.tt/home/chrome-extension,other,long-scroll,False,300-1000,,blog,10-50,basic,False,True,corporate,medium,False,False,False,False,consistent,False,custom,unknown,False,1,21,unknown,self-sign-up,18,consistent,[],0,medium,22,5,Minimalist centered hero with inline email capture + social proof via customer logos and case study links,No visible feature demonstrations or product screenshots above fold; relies entirely on copy and trust signals,"Multi-layered use-case discovery via use-case buttons below hero with specific domain applications (Sales, Marketing, Engineering)","Enterprise AI agent deployment and orchestration platform emphasizing safety, governance, and team integration.",
skit-ai,Skit.ai,https://skit.ai,customer-support,series-a,india,global,ops,"[""AI Platform"", ""Company"", ""Resources"", ""Book a demo"", ""Menu\n\t\t\t\t\t\t\t\t\n\t\t\t\t\t\t\t\n\t\t\t\t\t\t\tMenu""]",5,product-led,traditional-bar,,False,Try Skit.ai Today,start-free-trial,1col-centered,AI Collections and Accounts Receivable Platform for Modern Teams,9,True,True,19,benefit-first,collage,False,,,,True,19,grayscale-static,,True,video,,,False,[],True,"[""SOC2"", ""HIPAA"", ""ISO27001"", ""PCI""]",none,0,False,False,True,False,False,False,False,text-only,corporate-clean,False,solid,#1e90ff,"[""#1e90ff"", ""#000000"", ""#ffffff""]",False,all-serif,Merriweather,Inter,40-64,none,abstract-art,False,unknown,True,,"[""blog""]",,False,0,,,False,False,False,0,True,False,False,,book-demo-only,False,"[""GA4"", ""Clarity"", ""HubSpot""]",True,wordpress,spa,False,True,False,True,False,[],False,False,talk-to-us,0,False,False,False,False,False,False,False,,,other,long-scroll,,unknown,,,other,long-scroll,,unknown,,blog,10-50,basic,False,True,corporate,medium,False,False,False,False,consistent,False,wordpress,cloudflare,True,2,25,unknown,start-free-trial,0,consistent,[],0,medium,27,4,"Serif headline paired with sans-serif body, minimalist black hero with abstract loading animation",Large dark/black content area below fold may obscure product value proposition in hero,Collections/AR platform positioning intersects B2B fintech with AI conversational automation uniquely,AI-powered collections and AR platform for modern finance teams using conversational AI,
murf-ai,Murf AI,https://murf.ai,marketing-ops,series-a,india,global,developer,"[""Back"", ""Explore Murf for Enterprise"", ""Text to SpeechTurn text into lifelike voiceovers in various languages"", ""Explore Murf Reader"", ""Murf ReaderNewTurn articles into immersive audio instantly"", ""Voice ChangerChoose from 200+ voices for changing your voice"", ""Explore Murf Falcon"", ""Murf FalconFast & efficient TTS API for voice agents"", ""Explore Murf for Enterprise"", ""AI DubbingFor global business in 40+ languages""]",10,product-led,mega-menu,,False,Open Studio,sign-up,1col-centered,Ultra-Realistic AI Voice Generator Built for Maximum Speed & Efficiency,10,True,True,24,benefit-first,collage,False,Open Studio,True,,False,0,none,,True,video,,,True,"[""G2""]",True,"[""SOC2"", ""HIPAA"", ""GDPR"", ""ISO27001"", ""CCPA"", ""PCI""]",tabs,3,False,False,False,False,True,False,False,mixed,tech-minimal,True,gradient,#ff6b35,"[""#ff6b35"", ""#0000ee"", ""#ffffff"", ""#1a1a2e""]",False,all-serif,Robotoflex Custom,Inter,40-64,custom-illustrated,abstract-art,False,unknown,False,,[],,False,0,,,False,False,False,0,True,True,False,,book-demo-only,False,"[""GA4"", ""Clarity"", ""HubSpot""]",True,webflow,spa,False,True,True,True,False,"[""WebPage""]",True,True,tier,6,True,True,True,False,False,True,True,,https://murf.ai/enterprise,other,long-scroll,False,1000-3000,,https://murf.ai/text-to-speech,other,long-scroll,False,1000-3000,,blog,50+,basic,True,True,corporate,medium,False,False,False,False,consistent,False,webflow,cloudflare,True,5,27,unknown,self-sign-up,6,consistent,[],0,high,18,5,Gradient neon pink-orange CTA buttons with glowing effect against dark navy background; vibrant color contrast for developer audience,Hero headline splits 'Speed' (orange) and 'Efficiency' (purple) color-coding without clear semantic reason; may distract from core message,"Feature tab pills (TTS for Content, TTS for Voice Agents, Dubbing) positioned at bottom of hero with use-case categories below; dual-layer feature discovery","Ultra-realistic AI voice generator API for developers, creators, and enterprises with emphasis on speed, customization, and multi-language support.",
